{"x":{"0":0.0,"1":0.0505050505,"2":0.101010101,"3":0.1515151515,"4":0.202020202,"5":0.2525252525,"6":0.303030303,"7":0.3535353535,"8":0.404040404,"9":0.4545454545,"10":0.5050505051,"11":0.5555555556,"12":0.6060606061,"13":0.6565656566,"14":0.7070707071,"15":0.7575757576,"16":0.8080808081,"17":0.8585858586,"18":0.9090909091,"19":0.9595959596,"20":1.0101010101,"21":1.0606060606,"22":1.1111111111,"23":1.1616161616,"24":1.2121212121,"25":1.2626262626,"26":1.3131313131,"27":1.3636363636,"28":1.4141414141,"29":1.4646464646,"30":1.5151515152,"31":1.5656565657,"32":1.6161616162,"33":1.6666666667,"34":1.7171717172,"35":1.7676767677,"36":1.8181818182,"37":1.8686868687,"38":1.9191919192,"39":1.9696969697,"40":2.0202020202,"41":2.0707070707,"42":2.1212121212,"43":2.1717171717,"44":2.2222222222,"45":2.2727272727,"46":2.3232323232,"47":2.3737373737,"48":2.4242424242,"49":2.4747474747,"50":2.5252525253,"51":2.5757575758,"52":2.6262626263,"53":2.6767676768,"54":2.7272727273,"55":2.7777777778,"56":2.8282828283,"57":2.8787878788,"58":2.9292929293,"59":2.9797979798,"60":3.0303030303,"61":3.0808080808,"62":3.1313131313,"63":3.1818181818,"64":3.2323232323,"65":3.2828282828,"66":3.3333333333,"67":3.3838383838,"68":3.4343434343,"69":3.4848484848,"70":3.5353535354,"71":3.5858585859,"72":3.6363636364,"73":3.6868686869,"74":3.7373737374,"75":3.7878787879,"76":3.8383838384,"77":3.8888888889,"78":3.9393939394,"79":3.9898989899,"80":4.0404040404,"81":4.0909090909,"82":4.1414141414,"83":4.1919191919,"84":4.2424242424,"85":4.2929292929,"86":4.3434343434,"87":4.3939393939,"88":4.4444444444,"89":4.4949494949,"90":4.5454545455,"91":4.595959596,"92":4.6464646465,"93":4.696969697,"94":4.7474747475,"95":4.797979798,"96":4.8484848485,"97":4.898989899,"98":4.9494949495,"99":5.0},"y":{"0":2.5292157038,"1":2.2690115539,"2":2.5864486578,"3":3.1038565732,"4":3.1255158411,"5":2.4006233904,"6":3.1022900698,"7":2.8902116519,"8":3.0179069085,"9":3.280204344,"10":3.3032885738,"11":3.7943067434,"12":3.6791836775,"13":3.5751210133,"14":3.7544221062,"15":3.7989085425,"16":4.2194715538,"17":3.7770404201,"18":3.9947467568,"19":3.7017347513,"20":3.2441020349,"21":4.2530185447,"22":4.3580962918,"23":3.9128468718,"24":4.8480521907,"25":3.7573440064,"26":4.2288076491,"27":4.1752498037,"28":4.7024620675,"29":4.6895577585,"30":4.2962546593,"31":4.3591379713,"32":3.9701707546,"33":3.6279832818,"34":4.0984628005,"35":4.2252538388,"36":4.5178475348,"37":4.4747839475,"38":3.9580800897,"39":3.9386939315,"40":3.6648239687,"41":3.4982880583,"42":3.3522144433,"43":4.3840286598,"44":3.5754994072,"45":3.5214702715,"46":3.196449934,"47":3.7198301085,"48":2.911606587,"49":3.2360452764,"50":2.9302172911,"51":3.2088163876,"52":2.8282909554,"53":2.5110281797,"54":2.7353469844,"55":2.7457835118,"56":2.5056198948,"57":2.4396855546,"58":2.0168250942,"59":1.9513755892,"60":1.7064345011,"61":1.6431798632,"62":1.344873583,"63":0.9036028226,"64":1.3022840614,"65":0.9509890331,"66":0.3998293848,"67":0.8399876202,"68":0.2361259687,"69":0.3259601109,"70":0.3260631548,"71":-0.062111167,"72":0.0277706186,"73":-0.9028423997,"74":-0.6351387483,"75":-1.1898323753,"76":-1.4792781204,"77":-1.6304450229,"78":-1.7941085512,"79":-1.9327473772,"80":-2.5531976407,"81":-2.1925619713,"82":-2.5873699345,"83":-3.4573020417,"84":-2.8244150673,"85":-2.9816872825,"86":-3.4814849941,"87":-4.1788626665,"88":-4.7409788729,"89":-4.4033869592,"90":-5.1457464725,"91":-4.9682322987,"92":-5.587757278,"93":-5.6776235324,"94":-6.1891823163,"95":-6.4146987974,"96":-6.9592007743,"97":-6.7673711853,"98":-7.6109417788,"99":-7.879403191}}